,assessment_id,tool_version,tool_release_date,scenario,submitter_unit_id,L1,submitter_org_id,L2,L3,L4,L5,L6,L7,scenario_id,L8,spec_id,distribution_id,P1,P2,sdo_id,P3,P4,P5,P6,C1,C2,C3,assessment_date,io_spec_type
0,e8d1a4036c852ec6d3afbf81480a9023,3.1.0,2020-03-31,EIF,54e7c89e64e7be3fb83df2c3249d9d08,CAMSS Team,a9e8f43abb3595bab3f7b8a2b19a6795,everis,,,,CAMSS@everis.com,2020-06-30,c4da808d51612cb9fa91e5ba19e03773,European Interoperability Framework (EIF),90bf2517de1cae50ba48584b72975752,eaa24f8b-698a-4aca-a085-de50796a2b7f,Cascading Style Sheets (CSS) v2.1,https://www.w3.org/TR/2011/REC-CSS2-20110607/,5fda6dea864232f7ba9b87719d506063,W3C (http://www.w3.org),,,,,,,2020-06-30,Generic Specification
0,0993cad9968c3eac3030f1da531d6026,3.1.0,2020-03-31,EIF,54e7c89e64e7be3fb83df2c3249d9d08,CAMSS Team,a9e8f43abb3595bab3f7b8a2b19a6795,everis,,,,CAMSS@everis.com,2020-09-30,c4da808d51612cb9fa91e5ba19e03773,European Interoperability Framework (EIF),2910a52ea601c36a8011026d64322cbb,53213be9-e48f-4561-8eca-900a9aae2be8,Core Public Organisation Vocabulary (CPOV),https://joinup.ec.europa.eu/solution/e-government-core-vocabularies/core-public-organisation-vocabulary,10335e1a8f48a1aebd2f6b354f3f1d69,Other SDO/SSO,,,,,,,2020-09-30,Generic Specification
0,ed42bbf53b00d5c2c4bf033f468d3194,3.1.0,2020-03-31,EIF,54e7c89e64e7be3fb83df2c3249d9d08,CAMSS Team,a9e8f43abb3595bab3f7b8a2b19a6795,everis,,,,CAMSS@everis.com,2020-07-31,c4da808d51612cb9fa91e5ba19e03773,European Interoperability Framework (EIF),15266f020ae2dc36437e5144597d0224,aeb667a0-ea61-463d-b2c1-cb12ae4dbf6c,OWL 2 Web Ontology Language (OWL2),https://www.w3.org/TR/owl2-overview/,5fda6dea864232f7ba9b87719d506063,W3C (http://www.w3.org),,,,,,,2020-07-31,Generic Specification
0,dda525645e8fcc810c6950d8f804441f,3.1.0,2020-03-31,EIF,54e7c89e64e7be3fb83df2c3249d9d08,CAMSS Team,a9e8f43abb3595bab3f7b8a2b19a6795,everis,,,,CAMSS@everis.com,2020-09-30,c4da808d51612cb9fa91e5ba19e03773,European Interoperability Framework (EIF),a2877dc158c015ef78cf9a48a3c037d6,e99ee14f-d58b-42c0-806e-9674051384e1,Core Criterion and Core Evidence Vocabulary (CCCEV) v1.0,https://joinup.ec.europa.eu/solution/e-government-core-vocabularies/core-criterion-and-core-evidence-vocabulary,10335e1a8f48a1aebd2f6b354f3f1d69,Other SDO/SSO,,,,,,,2020-09-30,Generic Specification
0,fcaca1134b240b5f9f26425c7bb918c3,3.1.0,2020-03-31,EIF,54e7c89e64e7be3fb83df2c3249d9d08,CAMSS Team,a9e8f43abb3595bab3f7b8a2b19a6795,everis,,,,CAMSS@everis.com,2020-09-30,c4da808d51612cb9fa91e5ba19e03773,European Interoperability Framework (EIF),34da450e959d17db92f6876051d0faac,ace4be9c-d2bf-42bf-931c-6f59b9810e50,Ogg,https://xiph.org/ogg/doc/rfc3533.txt,10335e1a8f48a1aebd2f6b354f3f1d69,Other SDO/SSO,,,,,,,2020-09-30,Generic Specification
0,647226d04b326dc6de49646230da63f0,3.1.0,2020-03-31,EIF,54e7c89e64e7be3fb83df2c3249d9d08,CAMSS Team,a9e8f43abb3595bab3f7b8a2b19a6795,everis,,,,CAMSS@everis.com,2020-08-31,c4da808d51612cb9fa91e5ba19e03773,European Interoperability Framework (EIF),20aaf100ac307d408a86a1aacebbfab9,4271f3a1-f81c-4764-bf10-5989073b6b7d,Portable Document Format/A (PDF/A),"https://www.iso.org/standard/38920.html
https://www.iso.org/standard/50655.html",10335e1a8f48a1aebd2f6b354f3f1d69,Other SDO/SSO,,,,,,,2020-08-31,International Standard
0,a0855e4f0692ba1b95fa3782f6edd452,3.1.0,2020-03-31,EIF,54e7c89e64e7be3fb83df2c3249d9d08,CAMSS Team,a9e8f43abb3595bab3f7b8a2b19a6795,everis,,,,CAMSS@everis.com,2020-09-30,c4da808d51612cb9fa91e5ba19e03773,European Interoperability Framework (EIF),c8b23f3142c588bfd835916c96f039bc,2eec368c-d06f-445f-978e-01a01f397b73,File Transfer Protocol over Transport Layer Security (FTPS or FTP over TLS),https://tools.ietf.org/html/rfc4217,a38b549dc5a2d4826ec41e4c6a053132,IETF (https://www.ietf.org/),,,,,,,2020-09-30,Generic Specification
0,768081cae9c6ec4a1a45477f2d65db76,3.1.0,2020-03-31,EIF,54e7c89e64e7be3fb83df2c3249d9d08,CAMSS Team,a9e8f43abb3595bab3f7b8a2b19a6795,everis,,,,CAMSS@everis.com,2020-07-31,c4da808d51612cb9fa91e5ba19e03773,European Interoperability Framework (EIF),7b7e340f366440a064311a7cf9de4516,63680d24-a55d-4c82-b5f8-05a5fe2aaf1c,Scalable Vector Graphics (SVG) v1.1 (Second Edition),https://www.w3.org/TR/SVG11/,5fda6dea864232f7ba9b87719d506063,W3C (http://www.w3.org),,,,,,,2020-07-31,Generic Specification
0,18691d101e49b13a5f1016d73aed8326,3.1.0,2020-03-31,EIF,54e7c89e64e7be3fb83df2c3249d9d08,CAMSS Team,a9e8f43abb3595bab3f7b8a2b19a6795,everis,,,,CAMSS@everis.com,2020-08-31,c4da808d51612cb9fa91e5ba19e03773,European Interoperability Framework (EIF),f0f4f1934dd1d8ef1f4cc543f7449dd0,96b686d3-4412-4fc8-b45c-554a48153ba7,Multipurpose Internet Mail Extensions (MIME),https://tools.ietf.org/html/rfc2045,a38b549dc5a2d4826ec41e4c6a053132,IETF (https://www.ietf.org/),,,,,,,2020-08-31,Generic Specification
0,f9e736d0a7726eaa0eaeffd70e1e2cc9,3.1.0,2020-03-31,EIF,54e7c89e64e7be3fb83df2c3249d9d08,CAMSS Team,a9e8f43abb3595bab3f7b8a2b19a6795,everis,,,,CAMSS@everis.com,2020-06-30,c4da808d51612cb9fa91e5ba19e03773,European Interoperability Framework (EIF),006e80ed585baa52a03215b9c6b7ca64,569c0b5d-fd8f-4fac-8a95-b8f533063fa9,Lightweight Directory Access Protocol (LDAP),https://tools.ietf.org/html/rfc4511,a38b549dc5a2d4826ec41e4c6a053132,IETF (https://www.ietf.org/),,,,,,,2020-06-30,Generic Specification
0,d1a946460c3ccbd03ae16bf1c512ef6e,3.1.0,2020-03-31,EIF,54e7c89e64e7be3fb83df2c3249d9d08,CAMSS Team,a9e8f43abb3595bab3f7b8a2b19a6795,everis,,,,CAMSS@everis.com,2020-06-30,c4da808d51612cb9fa91e5ba19e03773,European Interoperability Framework (EIF),f5f6a2d849bef1ed8dbcb08e4092418f,80832e9e-0203-4860-8120-ec998b1f1d67,Asset Description Metadata Schema (ADMS),https://www.w3.org/TR/vocab-adms/,5fda6dea864232f7ba9b87719d506063,W3C (http://www.w3.org),,,,,,,2020-06-30,Generic Specification
0,71c4792169ca020d1f47b83a18628f12,3.1.0,2020-03-31,EIF,54e7c89e64e7be3fb83df2c3249d9d08,CAMSS Team,a9e8f43abb3595bab3f7b8a2b19a6795,everis,,,,CAMSS@everis.com,2020-08-31,c4da808d51612cb9fa91e5ba19e03773,European Interoperability Framework (EIF),57ddaec17321408af7311ffd04d56e9b,c0d30672-ca0a-4bfe-8008-ff40d6460861,Hypertext Markup Language (HTML) v4.01,https://www.w3.org/TR/html401/,5fda6dea864232f7ba9b87719d506063,W3C (http://www.w3.org),,,,,,,2020-08-31,Generic Specification
0,f181b51eb7460458e12ae5a6eb97f5fa,3.1.0,2020-03-31,EIF,54e7c89e64e7be3fb83df2c3249d9d08,CAMSS Team,a9e8f43abb3595bab3f7b8a2b19a6795,everis,,,,CAMSS@everis.com,2020-07-31,c4da808d51612cb9fa91e5ba19e03773,European Interoperability Framework (EIF),a1ba86c2a746d7cfa5bb3ef51147a10d,fefe9721-894c-43b3-affb-aa76a04add6d,Tag image file format for image technology (TIFF/IT),https://www.iso.org/standard/34342.html,10335e1a8f48a1aebd2f6b354f3f1d69,Other SDO/SSO,,,,,,,2020-07-31,International Standard
0,41d0c092cad5085f5c0cb8513826aa0f,3.1.0,2020-03-31,EIF,54e7c89e64e7be3fb83df2c3249d9d08,CAMSS Team,a9e8f43abb3595bab3f7b8a2b19a6795,everis,,,,CAMSS@everis.com,2020-08-31,c4da808d51612cb9fa91e5ba19e03773,European Interoperability Framework (EIF),94ba1ac87c3c354cd3f018d8bb4a2669,257be199-cd69-4ccf-b7af-18731116b270,Joint Photographic Experts Group (JPEG),https://www.iso.org/standard/18902.html,10335e1a8f48a1aebd2f6b354f3f1d69,Other SDO/SSO,,,,,,,2020-08-31,International Standard
0,7bb566d90f661fb70e45c928017caf6a,3.1.0,2020-03-31,EIF,54e7c89e64e7be3fb83df2c3249d9d08,CAMSS Team,a9e8f43abb3595bab3f7b8a2b19a6795,everis,,,,CAMSS@everis.com,2020-07-31,c4da808d51612cb9fa91e5ba19e03773,European Interoperability Framework (EIF),23c5bf1f49f60c74dd447c23bb212783,a01be278-c769-4f54-9adc-fdf401b53df7,Open Document Format for Office Applications (ODF) v1.2,https://www.iso.org/standard/66363.html,10335e1a8f48a1aebd2f6b354f3f1d69,Other SDO/SSO,,,,,,,2020-07-31,International Standard
0,9b045f518d14ff803ab82dc1262976ca,3.1.0,2020-03-31,EIF,54e7c89e64e7be3fb83df2c3249d9d08,CAMSS Team,a9e8f43abb3595bab3f7b8a2b19a6795,everis,,,,CAMSS@everis.com,2020-07-31,c4da808d51612cb9fa91e5ba19e03773,European Interoperability Framework (EIF),1b1d5cdc5713275deffef774537e0a4a,3e1bf5b6-b4b5-4842-be8c-2bf3439ded29,Simple Mail Transfer Protocol (SMTP),https://tools.ietf.org/html/rfc5321,a38b549dc5a2d4826ec41e4c6a053132,IETF (https://www.ietf.org/),,,,,,,2020-07-31,Generic Specification
0,56ab8428a180a2b040b460d435f81a24,3.1.0,2020-03-31,EIF,54e7c89e64e7be3fb83df2c3249d9d08,CAMSS Team,a9e8f43abb3595bab3f7b8a2b19a6795,everis,,,,CAMSS@everis.com,2020-07-31,c4da808d51612cb9fa91e5ba19e03773,European Interoperability Framework (EIF),dd1d3b76a7c5fd4fd010369fed355a72,208221e3-1779-4471-beee-c9547bf142f1,Portable Network Graphics (PNG),https://www.iso.org/standard/29581.html,10335e1a8f48a1aebd2f6b354f3f1d69,Other SDO/SSO,,,,,,,2020-07-31,International Standard
0,bf94b89bf2996d87d713c0479e748ab3,3.1.0,2020-03-31,EIF,54e7c89e64e7be3fb83df2c3249d9d08,CAMSS Team,a9e8f43abb3595bab3f7b8a2b19a6795,everis,,,,,2020-09-30,c4da808d51612cb9fa91e5ba19e03773,European Interoperability Framework (EIF),2e0411561dc64ec73632c360e0af33e9,a0a3a37c-fb6a-44b9-ade0-b50523446d43,eXtensible Access Control Markup Language (XACML) v3.0,http://docs.oasis-open.org/xacml/3.0/errata01/xacml-3.0-core-spec-errata01.html,df2974c8a00bf5b050636c1a311cea63,OASIS (https://www.oasis-open.org/),,,,,,,2020-09-30,Generic Specification
0,ce5fff046045cf4af2ab518a63753da1,3.1.0,2020-03-31,EIF,54e7c89e64e7be3fb83df2c3249d9d08,CAMSS Team,a9e8f43abb3595bab3f7b8a2b19a6795,everis,,,,CAMSS@everis.com,2020-09-30,c4da808d51612cb9fa91e5ba19e03773,European Interoperability Framework (EIF),c7a9f50ba56ffcfb813c1957d99d5e9b,8d84b24f-4679-4f3d-b30f-3743932286e4,Web Services Business Process Execution Language (WS-BPEL) v2.0,http://docs.oasis-open.org/wsbpel/2.0/OS/wsbpel-v2.0-OS.html,df2974c8a00bf5b050636c1a311cea63,OASIS (https://www.oasis-open.org/),,,,,,,2020-09-30,Generic Specification
0,583f33a6ced165aa1ac27f0c6eb12166,3.1.0,2020-03-31,EIF,54e7c89e64e7be3fb83df2c3249d9d08,CAMSS Team,a9e8f43abb3595bab3f7b8a2b19a6795,everis,,,,CAMSS@everis.com,2020-08-31,c4da808d51612cb9fa91e5ba19e03773,European Interoperability Framework (EIF),a877fcb7e9e7df90d52398afc0ba2588,b74141d5-c7e2-479c-bbd7-e7ce7a555661,Extensible HyperText Markup Language (XHTML) v1.0,https://www.w3.org/TR/xhtml1/,5fda6dea864232f7ba9b87719d506063,W3C (http://www.w3.org),,,,,,,2020-08-31,Generic Specification
